<?xml version="1.0" encoding="UTF-8"?>
<project-private xmlns="http://www.netbeans.org/ns/project-private/1">
    <editor-bookmarks xmlns="http://www.netbeans.org/ns/editor-bookmarks/2" lastBookmarkId="0"/>
    <open-files xmlns="http://www.netbeans.org/ns/projectui-open-files/2">
        <group>
            <file>file:/C:/Users/sadhu/Documents/NetBeansProjects/EMS/src/java/in/ems/controller/LoginServ.java</file>
            <file>file:/C:/Users/sadhu/Documents/NetBeansProjects/EMS/src/java/in/ems/util/Employee.java</file>
            <file>file:/C:/Users/sadhu/Documents/NetBeansProjects/EMS/src/java/in/ems/db/DBConnection.java</file>
            <file>file:/C:/Users/sadhu/Documents/NetBeansProjects/EMS/web/style.css</file>
            <file>file:/C:/Users/sadhu/Documents/NetBeansProjects/EMS/web/Register.jsp</file>
            <file>file:/C:/Users/sadhu/Documents/NetBeansProjects/EMS/src/java/in/ems/controller/RegistrationServ.java</file>
            <file>file:/C:/Users/sadhu/Documents/NetBeansProjects/EMS/web/success.jsp</file>
            <file>file:/C:/Users/sadhu/Documents/NetBeansProjects/EMS/web/loginsuccess.jsp</file>
            <file>file:/C:/Users/sadhu/Documents/NetBeansProjects/EMS/web/error.jsp</file>
            <file>file:/C:/Users/sadhu/Documents/NetBeansProjects/EMS/web/index.html</file>
            <file>file:/C:/Users/sadhu/Documents/NetBeansProjects/EMS/web/loginerror.jsp</file>
            <file>file:/C:/Users/sadhu/Documents/NetBeansProjects/EMS/src/java/in/ems/db/DBOperations.java</file>
        </group>
    </open-files>
</project-private>
