<?xml version='1.0' encoding='UTF-8' ?>
<beans xmlns="http://www.springframework.org/schema/beans"
       xmlns:xsi="http://www.w3.org/2001/XMLSchema-instance"
       xmlns:p="http://www.springframework.org/schema/p"
       xmlns:aop="http://www.springframework.org/schema/aop"
       xmlns:tx="http://www.springframework.org/schema/tx"
       xsi:schemaLocation="http://www.springframework.org/schema/beans http://www.springframework.org/schema/beans/spring-beans-4.3.xsd
       http://www.springframework.org/schema/aop http://www.springframework.org/schema/aop/spring-aop-4.3.xsd
       http://www.springframework.org/schema/tx http://www.springframework.org/schema/tx/spring-tx-4.3.xsd">

    <!--bean id="propertyConfigurer"
    class="org.springframework.beans.factory.config.PropertyPlaceholderConfigurer"
    p:location="/WEB-INF/jdbc.properties" />

<bean id="dataSource"
    class="org.springframework.jdbc.datasource.DriverManagerDataSource"
    p:driverClassName="${jdbc.driverClassName}"
    p:url="${jdbc.url}"
    p:username="${jdbc.username}"
    p:password="${jdbc.password}" /-->

    <!-- ADD PERSISTENCE SUPPORT HERE (jpa, hibernate, etc) -->

   <bean id="emp" class="in.cdac.Employee" autowire="byType"> 
       <!--
      <constructor-arg value="101" type="int">      </constructor-arg>             
      <constructor-arg value="abc">      </constructor-arg>             
      <constructor-arg value="abc@cdac.in">      </constructor-arg>             
      <constructor-arg>
        <ref bean="adrs"/>
      </constructor-arg>    
           --> 
      <property name="id" value="102"/>     
      <property name="name" value="abc"/>           
      <!--property name="address" ref="adrs"/-->
   </bean>
   
   <bean id="address" class="in.cdac.Address" primary="true">       
   </bean>
   
   <bean id="address1" class="in.cdac.Address">       
   </bean> 

</beans>
